fecha,config,video,recon_vmaf,recon_psnr,recon_ssim,twos_vmaf,twos_psnr,twos_ssim,fps,x_tiempo_real,seg_por_10s,vram_mb,vram_pico_mb,build_s
2026-09-22T12:10:28,B0_base_4161,salida.mp4,25.465577,18.073924,0.820578,21.364726,18.436676,0.759061,62.95,1.3127697916666667,7.617481803343598,1208,2151,1.604588270187378
2026-09-22T12:11:57,B1_base_426,salida.mp4,26.085953,18.044983,0.816143,21.364726,18.436676,0.759061,46.15,0.9624197916666666,10.390476262632276,1414,2339,1.64896559715271
2026-09-22T12:15:17,E1_426_fp32,salida.mp4,26.182603,18.044733,0.81636,21.374254,18.436692,0.759075,27.8,0.5797458333333333,17.248938112247465,2040,2966,1.8899760246276855
2026-09-22T12:18:06,E2_4161_fp32,salida.mp4,25.571354,18.074083,0.820823,21.374254,18.436692,0.759075,35.09,0.7317727083333333,13.665445412381862,1725,2642,1.722698450088501
2026-09-22T12:23:43,E3_426_1440p,salida.mp4,26.01735,18.096885,0.818066,21.303675,18.438633,0.759114,25.65,0.5349093749999999,18.694755536860804,2514,3438,1.8261463642120361
2026-09-22T12:28:34,E4_4161_1440p,salida.mp4,25.512766,18.106512,0.822289,21.303675,18.438633,0.759114,35.45,0.7392802083333333,13.526670790422553,1957,2888,1.6526548862457275
2026-09-22T12:31:09,E5_426_tta,salida.mp4,25.856255,18.090329,0.819099,21.364726,18.436676,0.759061,23.47,0.4894472916666666,20.43120918280697,2713,3650,2.3165855407714844
2026-09-22T12:33:07,E6_4161_tta,salida.mp4,25.250351,18.119321,0.82357,21.364726,18.436676,0.759061,32.22,0.6719212499999999,14.882696446942258,2248,3207,1.8069729804992676
2026-09-22T12:34:25,E7_4161_timeline,salida.mp4,25.265441,18.073699,0.820559,25.310579,18.77977,0.822461,63.9,1.3325812499999998,7.504232856345533,1143,2133,1.9073600769042969
2026-09-22T12:36:00,E8_426_timeline,salida.mp4,25.924877,18.044682,0.816107,25.95325,18.745262,0.817961,47.03,0.9807714583333332,10.19605527366531,1376,2344,1.9892401695251465
2026-09-22T12:37:55,F1_4161_60,salida.mp4,25.465577,18.073924,0.820578,21.364726,18.436676,0.759061,40.44,0.6746739999999999,14.821973278946576,1148,2102,1.5479071140289307
2026-09-22T12:39:56,F2_4161_60_timeline,salida.mp4,25.265441,18.073699,0.820559,25.310579,18.77977,0.822461,40.21,0.6708368333333333,14.906754523765217,1229,2183,1.9276204109191895
2026-09-22T12:45:10,X2_calidad_60,salida.mp4,,,,25.95325,18.745262,0.817961,29.66,0.4948276666666666,20.209055947424122,1380,2207,2.068178653717041
2026-09-22T12:47:16,X4_extremo_48,salida.mp4,,,,26.056174,18.745137,0.81818,28.42,0.5926754166666667,16.872641784675565,1999,2831,2.1994712352752686
