fecha,modelo,scale,video,twos_vmaf,twos_psnr,twos_ssim,recon_vmaf,recon_psnr,recon_ssim,fps_interp,seg_por_10s_x2,vram_mb
2026-09-22T14:59:38,hold,0.5,salida.mp4,nan,nan,nan,,,,,,
2026-09-22T15:01:26,hold,0.5,salida.mp4,19.658589,18.418137,0.764395,,,,,,
2026-09-22T15:09:06,hold,0.5,salida.mp4,21.365599,18.438727,0.759227,,,,,,
2026-09-22T15:09:21,blend,0.5,salida.mp4,21.365599,18.438727,0.759227,,,,,,
2026-09-22T15:10:06,hold,0.5,salida.mp4,21.365599,18.438727,0.759227,,,,,,
2026-09-22T15:10:20,blend,0.5,salida.mp4,18.025235,19.632273,0.782644,,,,,,
2026-09-22T15:11:33,gmfss_u,0.5,salida.mp4,26.065726,18.668908,0.824177,,,,,,
2026-09-22T15:14:09,gmfss_u,0.5,salida.mp4,,,,35.563927,11.776978,0.690542,2.13,225,3573
2026-09-22T15:15:00,hold,0.5,salida.mp4,,,,37.846891,11.717007,0.673922,,,
2026-09-22T15:15:13,blend,0.5,salida.mp4,,,,33.650426,12.015748,0.686547,,,
2026-09-22T15:18:14,hold,0.5,salida.mp4,,,,37.846891,11.717007,0.673922,,,
2026-09-22T15:19:06,hold,0.5,salida.mp4,,,,21.758003,17.785902,0.758206,,,
2026-09-22T15:19:19,blend,0.5,salida.mp4,,,,18.2708,18.776663,0.78128,,,
2026-09-22T15:20:33,gmfss_u,0.5,salida.mp4,,,,26.176654,17.980691,0.822175,,,
2026-09-22T15:32:55,amt_g,0.5,salida.mp4,25.539597,18.848928,0.823676,25.584449,18.131611,0.821741,1.81,265,2587
2026-09-22T15:35:50,amt_l,0.5,salida.mp4,25.392928,18.884326,0.82388,25.466989,18.16125,0.821941,2.2,218,2218
2026-09-22T15:40:30,ema_small,0.5,salida.mp4,23.102274,19.036496,0.831006,23.144337,18.288045,0.829008,1.51,318,3375
2026-09-22T15:42:28,gmfss_u,0.5,salida.mp4,,,,,,,2.18,220,3573
2026-09-22T15:43:46,amt_g,0.5,salida.mp4,,,,,,,1.65,291,2587
2026-09-22T15:44:35,amt_l,0.5,salida.mp4,,,,,,,2.66,180,2218
2026-09-22T15:45:59,ema_small,0.5,salida.mp4,,,,,,,1.6,300,3375
2026-09-22T15:51:10,gmfss_u,1.0,salida.mp4,26.979547,18.647178,0.824311,27.046996,17.962186,0.822304,1.4,343,3378
2026-09-22T17:54:29,gimm,0.5,salida.mp4,24.392218,18.851718,0.829096,24.472664,18.135682,0.827116,0.69,695,4732
