fecha,variante,twos_vmaf,twos_psnr,twos_ssim,recon_vmaf,recon_psnr,recon_ssim,fps
2026-09-22T17:30:06,hold,21.374254,18.436399,0.758887,21.783908,17.783892,0.75787,
2026-09-22T17:30:26,flow16,21.374254,18.436399,0.758887,23.61197,20.40704,0.809195,
2026-09-22T17:30:56,hold,21.374254,18.436399,0.758887,21.783908,17.783892,0.75787,
2026-09-22T17:32:09,block16,21.374254,18.436399,0.758887,23.628786,20.383156,0.808709,54.5
2026-09-22T17:33:44,block8,21.374254,18.436399,0.758887,23.567318,20.159399,0.804421,40.2
2026-09-22T17:35:07,flow16,21.374254,18.436399,0.758887,23.61197,20.40704,0.809195,48.4
2026-09-22T17:37:04,flow8,21.374254,18.436399,0.758887,23.486637,20.211433,0.805036,31.9
2026-09-22T17:38:03,flow32,21.374254,18.436399,0.758887,22.997641,20.745546,0.811462,77.2
2026-09-22T17:40:10,flow16_pel4,21.374254,18.436399,0.758887,23.844394,20.406558,0.809454,28.3
2026-09-22T17:41:11,flow16_nomask,21.374254,18.436399,0.758887,23.744515,20.357816,0.807063,69.6
2026-09-22T17:42:00,flow16_norefine,21.374254,18.436399,0.758887,23.271799,20.462912,0.80869,94.6
2026-09-22T17:43:36,flow16_delta2,21.374254,18.436399,0.758887,17.428557,19.176967,0.761119,37.7
2026-09-22T17:44:09,flow16_delta2,21.374254,18.436399,0.758887,17.428557,19.176967,0.761119,41.6
